RUL_réel,RUL_prédit,erreur
125,125,0.4
125,125,-0.4
125,125,-0.1
125,126,1.1
125,126,1.5
125,128,2.9
125,128,2.6
125,120,-4.7
125,125,0.3
125,124,-0.5
125,124,-0.7
125,125,0.2
125,125,-0.3
125,126,1.1
125,126,0.9
125,125,-0.2
125,125,0.4
125,124,-0.5
125,124,-1.2
125,124,-1.0
125,124,-1.1
125,124,-0.5
125,122,-3.4
125,123,-1.6
125,124,-0.7
125,125,-0.4
125,125,0.3
125,126,0.9
125,127,1.9
125,126,1.4
125,126,0.6
125,126,0.5
125,127,1.6
125,124,-0.6
125,125,0.3
125,126,1.3
125,126,1.2
125,126,1.3
125,128,2.5
125,124,-0.6
125,125,0.2
125,124,-1.0
125,125,-0.3
125,125,-0.3
125,124,-0.8
125,125,-0.4
125,126,1.5
125,124,-1.2
125,125,-0.5
125,124,-1.4
125,124,-1.2
125,125,-0.4
125,126,1.3
125,124,-1.3
125,124,-1.2
125,126,1.2
125,126,1.5
125,125,0.4
125,127,1.6
125,126,0.7
125,125,-0.0
125,125,-0.4
125,126,1.4
125,126,0.5
125,125,-0.0
125,125,-0.2
125,124,-1.3
125,124,-0.8
125,125,0.4
125,124,-0.7
125,124,-1.3
125,124,-0.7
125,124,-0.6
125,123,-2.2
125,120,-5.0
125,121,-3.8
125,118,-7.0
125,123,-2.2
125,122,-2.5
125,122,-2.5
125,122,-3.3
125,121,-3.8
125,117,-7.6
125,120,-4.8
125,116,-9.1
125,119,-5.8
125,117,-8.3
125,116,-9.3
125,117,-8.0
125,112,-12.8
125,114,-11.2
125,112,-13.1
125,112,-13.1
125,109,-16.0
125,115,-10.3
125,117,-8.3
125,114,-10.6
125,118,-7.0
125,116,-8.7
125,113,-11.6
125,113,-12.5
125,111,-13.9
125,113,-12.1
125,112,-12.6
125,108,-16.7
125,109,-16.1
125,109,-15.8
125,110,-15.2
125,111,-14.4
125,107,-18.0
125,107,-17.7
125,107,-18.3
125,109,-16.2
125,111,-13.8
125,114,-11.1
124,110,-13.6
123,111,-11.7
122,112,-10.1
121,115,-5.9
120,104,-16.3
119,110,-9.1
118,112,-6.1
117,108,-9.0
116,115,-1.5
115,113,-2.0
114,104,-9.9
113,100,-13.0
112,101,-11.5
111,104,-6.9
110,101,-8.8
109,99,-10.3
108,95,-12.8
107,100,-6.8
106,99,-7.5
105,101,-3.9
104,92,-11.8
103,91,-12.0
102,88,-13.6
101,96,-4.6
100,93,-7.0
99,84,-14.5
98,94,-4.0
97,86,-10.9
96,84,-12.1
95,90,-4.8
94,90,-3.5
93,86,-6.9
92,82,-9.7
91,85,-6.3
90,78,-11.9
89,81,-8.2
88,81,-6.9
87,78,-9.2
86,85,-0.6
85,86,0.6
84,82,-2.3
83,81,-2.3
82,83,1.4
81,85,4.4
80,81,1.1
79,84,5.1
78,77,-1.0
77,81,3.7
76,78,1.6
75,76,1.3
74,71,-3.0
73,72,-1.3
72,72,0.3
71,76,4.8
70,72,1.7
69,66,-3.2
68,67,-0.9
67,66,-0.5
66,66,-0.3
65,61,-3.8
64,62,-2.0
63,61,-2.1
62,61,-0.8
61,59,-2.0
60,59,-0.8
59,58,-0.8
58,53,-5.2
57,51,-6.1
56,54,-1.5
55,47,-8.0
54,45,-8.8
53,47,-5.9
52,47,-5.1
51,48,-2.9
50,48,-2.2
49,51,2.5
48,45,-2.9
47,43,-3.7
46,40,-5.6
45,40,-4.8
44,41,-3.0
43,40,-3.4
42,38,-3.5
41,36,-5.1
40,37,-2.9
39,34,-5.3
38,33,-5.2
37,29,-7.6
36,31,-5.1
35,29,-5.5
34,27,-7.2
33,29,-4.2
32,28,-4.1
31,28,-3.5
30,27,-3.0
29,26,-2.8
28,28,-0.3
27,29,2.4
26,26,0.3
25,26,1.0
24,23,-0.8
23,23,0.3
22,21,-1.3
21,20,-1.1
20,21,1.4
19,21,1.9
18,18,-0.4
17,17,-0.1
16,16,0.1
15,14,-0.7
14,13,-1.2
13,12,-1.3
12,12,-0.4
11,10,-1.2
10,9,-1.4
9,8,-0.8
8,7,-1.2
7,6,-0.7
6,7,0.8
5,6,0.6
4,5,0.8
3,4,1.1
2,3,1.2
1,2,1.5
0,2,2.2
125,125,0.1
125,125,-0.5
125,125,-0.5
125,124,-1.0
125,125,0.4
125,125,0.0
125,125,0.3
125,126,0.5
125,126,0.6
125,125,0.5
125,125,0.4
125,127,2.1
125,125,0.0
125,125,-0.4
125,125,-0.2
125,125,-0.5
125,125,-0.0
125,126,0.6
125,126,0.5
125,125,0.4
125,124,-0.5
125,124,-0.5
125,124,-0.6
125,124,-0.7
125,124,-1.3
125,125,-0.3
125,125,0.2
125,125,-0.3
125,124,-0.5
125,125,-0.1
125,125,-0.0
125,126,0.9
125,125,0.0
125,126,0.7
125,125,0.1
125,124,-0.5
125,124,-1.2
125,125,0.1
125,125,-0.4
125,124,-1.1
125,124,-1.3
125,124,-0.9
125,125,-0.1
125,124,-0.6
125,125,0.1
125,125,-0.3
125,125,-0.1
125,125,-0.1
125,125,-0.3
125,125,-0.4
125,123,-1.6
125,125,0.4
125,125,-0.3
125,125,-0.4
125,123,-1.6
125,123,-2.3
125,123,-2.2
125,124,-0.6
125,124,-0.7
125,125,0.1
125,125,-0.3
125,124,-1.4
125,124,-0.9
125,124,-0.7
125,123,-2.2
125,122,-2.6
125,124,-1.0
125,120,-4.7
125,123,-2.1
125,121,-4.2
125,122,-2.6
125,122,-3.0
125,122,-3.3
125,121,-3.6
125,122,-3.3
125,122,-2.9
125,123,-1.6
125,124,-1.1
125,125,-0.1
125,116,-8.5
125,114,-10.6
125,116,-8.9
125,116,-9.3
125,115,-10.2
125,120,-5.4
125,121,-4.3
125,118,-7.4
125,117,-7.9
125,118,-7.3
124,119,-4.9
123,120,-2.5
122,122,-0.0
121,120,-1.0
120,120,-0.4
119,115,-4.4
118,110,-8.2
117,107,-10.5
116,105,-10.9
115,107,-7.7
114,107,-7.0
113,107,-5.5
112,107,-5.5
111,111,-0.1
110,105,-4.5
109,110,0.9
108,109,1.1
107,104,-3.3
106,98,-8.4
105,101,-4.5
104,99,-5.2
103,103,-0.1
102,103,0.9
101,100,-0.5
100,101,1.0
99,105,5.8
98,102,3.5
97,101,3.6
96,101,4.6
95,101,6.4
94,103,9.1
93,98,5.3
92,93,1.4
91,97,6.2
90,92,1.6
89,93,4.2
88,88,0.3
87,89,1.6
86,88,2.4
85,90,5.0
84,91,6.7
83,92,8.7
82,93,10.7
81,87,5.7
80,89,8.6
79,90,11.0
78,88,9.9
77,79,2.5
76,82,5.8
75,76,1.1
74,77,3.4
73,78,4.9
72,77,5.1
71,80,8.7
70,80,9.9
69,77,8.0
68,77,9.1
67,79,12.2
66,72,6.4
65,76,11.0
64,69,5.3
63,68,5.1
62,69,7.4
61,68,7.5
60,66,5.8
59,64,4.7
58,64,5.8
57,66,8.5
56,59,2.9
55,62,7.3
54,59,5.5
53,57,4.1
52,59,7.3
51,57,5.7
50,53,2.9
49,57,8.1
48,51,2.9
47,52,5.4
46,51,5.0
45,46,0.6
44,50,6.4
43,46,3.4
42,47,5.2
41,45,4.1
40,45,4.6
39,47,8.3
38,42,3.9
37,39,1.8
36,40,4.3
35,36,1.1
34,36,1.9
33,35,1.6
32,34,2.4
31,34,3.4
30,31,1.4
29,35,5.5
28,31,2.6
27,28,0.6
26,29,2.9
25,28,3.2
24,28,3.9
23,25,2.3
22,25,2.6
21,25,3.6
20,24,4.1
19,22,2.8
18,20,2.0
17,18,1.3
16,18,1.6
15,17,2.1
14,16,2.3
13,15,1.5
12,12,-0.1
11,12,0.5
10,11,0.6
9,10,1.0
8,8,0.4
7,8,0.6
6,7,1.2
5,6,1.1
4,5,0.6
3,3,0.1
2,2,0.2
1,1,0.3
0,1,0.9
125,125,0.1
125,125,-0.4
125,125,0.3
125,125,0.5
125,125,0.4
125,124,-0.6
125,125,0.0
125,125,0.0
125,125,0.2
125,125,-0.1
125,125,-0.3
125,125,-0.3
125,126,0.8
125,125,-0.1
125,124,-0.6
125,126,0.7
125,124,-0.5
125,124,-0.8
125,125,0.1
125,125,0.0
125,125,0.0
125,125,-0.1
125,125,-0.2
125,124,-0.5
125,125,0.0
125,124,-0.6
125,125,-0.5
125,125,-0.3
125,124,-1.1
125,125,0.4
125,125,-0.3
125,124,-0.6
125,125,0.5
125,125,0.2
125,125,-0.1
125,125,0.4
125,125,-0.2
125,125,-0.1
125,125,0.1
125,126,0.5
125,125,0.0
125,125,0.3
125,124,-1.2
125,125,0.2
125,124,-0.7
125,125,-0.4
125,126,1.0
125,125,0.0
125,125,0.1
125,124,-0.6
125,125,-0.3
125,125,0.1
125,125,0.3
125,125,0.2
125,126,0.6
125,125,0.2
125,125,0.0
125,125,0.3
125,126,1.2
125,126,0.8
125,125,0.0
125,125,-0.1
125,125,-0.4
125,125,0.1
125,125,0.1
125,125,0.1
125,125,0.4
125,125,-0.2
125,125,0.1
125,125,-0.1
125,125,-0.0
125,125,-0.3
125,125,-0.5
125,124,-0.6
125,123,-1.5
125,124,-0.5
125,125,0.1
125,126,0.5
125,124,-0.9
125,124,-0.5
125,125,-0.3
125,124,-1.1
125,124,-0.7
125,124,-0.9
125,122,-3.2
125,125,-0.3
125,124,-0.9
125,124,-1.0
125,124,-1.2
125,124,-0.8
125,124,-1.3
125,125,-0.4
125,122,-2.9
125,123,-2.2
125,123,-2.0
125,120,-4.7
125,124,-1.4
125,124,-1.1
125,123,-1.9
125,123,-2.2
125,124,-0.8
125,122,-2.5
125,123,-2.4
125,121,-3.6
125,120,-5.4
125,121,-4.1
125,119,-5.6
125,121,-3.7
125,120,-5.0
125,123,-1.9
125,122,-2.8
125,120,-5.0
125,122,-3.3
125,121,-3.9
125,117,-8.4
125,121,-4.2
125,117,-8.1
125,120,-5.4
125,119,-6.3
125,119,-5.8
125,119,-6.3
125,119,-5.7
125,117,-7.8
125,120,-4.9
125,117,-7.9
125,120,-4.5
125,121,-4.0
125,116,-8.8
125,118,-7.3
125,116,-8.9
125,117,-7.8
125,117,-8.0
125,116,-8.9
125,118,-7.1
125,115,-9.9
125,116,-9.2
125,117,-8.0
125,107,-18.5
125,104,-21.5
125,106,-18.9
125,106,-19.5
125,106,-18.7
125,108,-16.9
125,108,-17.3
125,110,-15.3
125,109,-16.2
125,104,-20.9
125,106,-18.7
125,106,-18.6
125,102,-23.5
125,108,-17.2
125,105,-20.2
125,100,-25.1
125,102,-22.9
125,104,-21.3
125,107,-17.6
125,102,-23.3
125,103,-22.1
125,102,-23.4
125,106,-19.2
125,93,-32.1
125,85,-39.6
125,90,-34.7
125,90,-35.1
125,90,-34.6
125,92,-33.4
125,93,-32.2
125,93,-32.0
124,91,-32.6
123,90,-33.2
122,93,-29.1
121,89,-32.1
120,95,-24.9
119,90,-28.6
118,82,-36.1
117,86,-31.2
116,87,-29.2
115,85,-29.6
114,78,-36.2
113,80,-32.6
112,79,-32.5
111,85,-25.8
110,75,-35.3
109,75,-34.0
108,78,-29.9
107,77,-29.6
106,74,-31.9
105,77,-27.6
104,78,-26.4
103,76,-26.6
102,70,-31.6
101,75,-26.4
100,68,-31.6
99,67,-32.0
98,70,-27.7
97,70,-26.6
96,70,-25.9
95,68,-27.1
94,67,-26.8
93,64,-28.6
92,61,-30.7
91,62,-28.6
90,59,-30.5
89,63,-25.6
88,65,-22.9
87,61,-26.1
86,62,-23.9
85,60,-25.3
84,63,-21.4
83,65,-18.1
82,56,-25.6
81,62,-18.9
80,65,-15.3
79,64,-14.9
78,59,-19.3
77,59,-18.1
76,63,-13.5
75,59,-16.5
74,47,-27.2
73,54,-18.7
72,54,-17.7
71,47,-24.0
70,46,-23.7
69,49,-20.1
68,52,-16.1
67,51,-15.8
66,42,-24.0
65,44,-21.0
64,43,-21.1
63,43,-19.5
62,36,-26.0
61,39,-21.6
60,40,-20.4
59,38,-21.3
58,42,-16.2
57,37,-19.5
56,38,-17.6
55,37,-17.7
54,36,-18.2
53,37,-15.7
52,35,-16.5
51,36,-14.9
50,35,-14.5
49,33,-15.6
48,31,-16.5
47,32,-14.5
46,32,-14.2
45,30,-15.1
44,30,-14.3
43,29,-13.9
42,31,-10.9
41,28,-13.1
40,31,-9.0
39,29,-9.8
38,26,-11.8
37,24,-12.7
36,24,-12.3
35,27,-7.9
34,25,-9.5
33,23,-9.8
32,23,-8.7
31,22,-8.6
30,21,-8.7
29,20,-8.9
28,20,-7.7
27,20,-7.0
26,19,-7.3
25,18,-7.5
24,18,-6.1
23,18,-4.5
22,15,-7.0
21,13,-7.8
20,14,-6.4
19,13,-6.5
18,13,-5.0
17,12,-5.2
16,12,-4.0
15,12,-3.4
14,10,-3.9
13,11,-2.4
12,9,-3.0
11,7,-4.4
10,6,-3.6
9,5,-4.2
8,5,-3.3
7,4,-3.0
6,3,-3.2
5,2,-2.9
4,2,-2.4
3,1,-1.9
2,1,-0.7
1,0,-0.8
0,1,0.6
125,122,-2.8
125,123,-2.1
125,123,-2.3
125,124,-1.5
125,119,-5.7
125,122,-3.0
125,124,-0.9
125,121,-4.1
125,123,-1.9
125,123,-2.1
125,122,-2.6
125,122,-2.6
125,126,0.5
125,122,-2.9
125,122,-3.0
125,125,-0.2
125,124,-1.4
125,123,-1.7
125,122,-2.9
125,123,-1.9
125,123,-1.8
125,125,0.1
125,121,-4.1
125,123,-2.3
125,125,0.2
125,123,-2.5
125,123,-2.4
125,124,-0.9
125,125,0.1
125,125,-0.3
125,122,-2.7
125,124,-0.9
125,122,-2.6
125,123,-2.2
125,122,-2.9
125,122,-2.8
125,122,-2.6
125,123,-1.7
125,123,-2.4
125,124,-0.8
125,122,-3.1
125,124,-1.3
125,123,-2.2
125,123,-2.2
125,123,-1.9
125,121,-4.2
125,122,-2.6
125,122,-3.2
125,123,-1.5
125,120,-4.6
125,118,-6.5
125,119,-6.4
125,121,-3.7
125,122,-3.4
125,120,-4.9
125,118,-7.0
125,120,-5.3
125,120,-5.5
125,121,-3.5
125,120,-5.0
125,122,-3.2
125,123,-1.8
125,121,-3.8
125,121,-4.3
125,123,-1.6
125,123,-2.3
125,120,-5.3
125,123,-2.1
125,121,-4.3
125,118,-7.1
125,125,-0.1
125,119,-5.6
125,122,-3.3
125,117,-7.7
125,119,-6.0
125,119,-5.7
125,111,-14.4
125,112,-13.0
125,115,-9.6
125,112,-13.3
125,118,-6.6
125,119,-5.6
125,117,-7.9
125,122,-3.0
125,120,-4.8
125,119,-6.0
125,120,-5.2
125,114,-11.2
125,119,-5.7
125,115,-9.9
125,112,-13.2
125,115,-10.1
125,112,-12.9
125,109,-15.9
125,109,-15.8
125,113,-12.0
125,112,-13.2
125,113,-12.1
125,116,-8.9
125,114,-10.7
125,116,-9.0
125,113,-12.2
125,118,-7.3
125,110,-15.4
125,114,-10.7
125,113,-12.0
125,115,-9.9
125,116,-9.0
125,116,-9.3
125,112,-12.8
125,111,-14.4
125,111,-13.9
125,110,-14.7
125,105,-19.6
125,111,-14.4
125,113,-12.5
125,111,-13.8
125,110,-14.8
125,109,-16.1
125,108,-17.3
125,109,-16.5
125,107,-17.9
125,106,-19.1
125,103,-21.9
125,103,-22.4
125,103,-22.1
125,99,-26.3
125,102,-23.1
125,98,-26.6
125,100,-24.7
125,100,-25.2
125,97,-28.3
125,98,-26.9
125,96,-29.3
125,93,-31.7
125,93,-32.2
125,94,-30.6
125,89,-35.8
125,87,-37.6
125,91,-33.8
125,92,-32.6
125,90,-35.4
124,89,-34.5
123,85,-37.8
122,84,-38.4
121,87,-33.5
120,81,-38.5
119,83,-36.1
118,86,-32.2
117,84,-32.9
116,80,-36.0
115,84,-31.0
114,86,-28.3
113,81,-32.0
112,85,-27.3
111,80,-31.0
110,77,-33.0
109,82,-27.5
108,76,-31.9
107,76,-30.9
106,73,-32.5
105,72,-33.4
104,72,-31.5
103,71,-31.9
102,71,-30.7
101,69,-32.4
100,71,-29.2
99,73,-26.5
98,69,-29.4
97,65,-32.1
96,70,-26.5
95,68,-27.3
94,65,-29.1
93,65,-27.9
92,64,-27.6
91,65,-26.3
90,65,-25.3
89,61,-28.2
88,64,-23.8
87,61,-25.7
86,69,-16.7
85,66,-19.3
84,66,-18.0
83,58,-24.6
82,59,-23.4
81,59,-22.3
80,56,-23.9
79,56,-23.2
78,57,-21.2
77,58,-18.6
76,58,-17.7
75,55,-19.9
74,57,-16.8
73,54,-18.5
72,54,-17.6
71,49,-22.1
70,46,-23.6
69,46,-23.5
68,45,-23.1
67,44,-23.4
66,43,-23.2
65,42,-22.5
64,46,-18.0
63,45,-17.5
62,42,-20.0
61,44,-17.2
60,41,-18.5
59,43,-15.9
58,42,-16.1
57,41,-15.5
56,39,-17.4
55,37,-17.9
54,36,-18.4
53,38,-14.7
52,36,-16.3
51,36,-15.1
50,34,-15.6
49,36,-13.0
48,35,-13.1
47,33,-13.6
46,34,-11.9
45,33,-11.8
44,33,-10.6
43,33,-10.0
42,31,-11.4
41,30,-11.4
40,30,-9.8
39,30,-8.8
38,29,-8.8
37,31,-6.3
36,31,-4.6
35,30,-4.9
34,29,-4.6
33,30,-2.7
32,26,-5.7
31,25,-5.6
30,26,-4.5
29,20,-8.6
28,19,-9.0
27,19,-7.7
26,19,-7.2
25,18,-6.5
24,17,-7.0
23,16,-7.3
22,17,-4.6
21,16,-4.7
20,16,-4.4
19,16,-3.1
18,13,-4.5
17,12,-4.8
16,12,-3.9
15,11,-3.9
14,10,-3.8
13,10,-3.2
12,10,-2.5
11,9,-1.9
10,8,-1.8
9,9,-0.4
8,8,0.1
7,7,-0.3
6,7,0.6
5,5,-0.2
4,5,1.3
3,4,0.6
2,3,0.9
1,2,1.2
0,2,1.8
125,125,0.4
125,126,1.1
125,126,0.7
125,125,0.0
125,125,0.1
125,126,0.6
125,127,1.7
125,126,0.8
125,125,0.0
125,125,0.0
125,126,0.5
125,125,-0.5
125,125,-0.5
125,125,-0.4
125,125,-0.4
125,125,-0.0
125,125,-0.3
125,125,-0.1
125,125,-0.1
125,125,-0.0
125,125,-0.0
125,124,-0.5
125,125,-0.2
125,124,-0.7
125,124,-0.7
125,125,0.3
125,125,-0.4
125,125,-0.4
125,124,-0.8
125,125,-0.2
125,125,0.1
125,125,-0.3
125,125,0.4
125,125,-0.5
125,125,-0.0
125,125,-0.0
125,124,-0.8
125,124,-0.6
125,125,-0.1
125,125,-0.1
125,126,0.7
125,126,0.7
125,127,1.6
125,126,0.7
125,126,1.4
125,126,0.8
125,125,0.2
125,125,0.1
125,124,-1.1
125,122,-2.5
125,122,-2.9
125,122,-3.0
125,117,-7.8
125,117,-7.8
125,118,-7.2
125,117,-8.3
125,123,-2.3
125,122,-2.8
125,122,-2.5
125,124,-1.2
125,124,-1.3
125,122,-2.7
125,120,-4.7
124,120,-4.2
123,122,-1.5
122,121,-1.0
121,121,-0.1
120,118,-1.7
119,120,1.5
118,115,-3.1
117,112,-5.1
116,112,-4.4
115,112,-2.8
114,111,-3.5
113,107,-6.2
112,110,-1.5
111,108,-2.9
110,108,-2.3
109,108,-0.9
108,116,8.0
107,107,0.1
106,110,4.4
105,106,0.9
104,103,-0.6
103,104,1.3
102,104,1.7
101,100,-0.8
100,103,2.7
99,97,-2.4
98,94,-3.6
97,99,2.1
96,98,1.9
95,95,-0.4
94,92,-1.5
93,101,7.7
92,97,4.9
91,91,-0.0
90,103,13.0
89,96,7.3
88,94,6.2
87,94,7.2
86,91,4.6
85,91,5.9
84,86,2.0
83,94,11.2
82,96,13.5
81,97,15.8
80,91,10.8
79,90,10.9
78,88,9.6
77,84,7.5
76,82,5.8
75,85,10.5
74,83,8.6
73,81,8.4
72,69,-2.9
71,73,2.0
70,76,6.3
69,81,11.5
68,78,10.0
67,78,11.2
66,69,3.3
65,76,11.0
64,70,6.3
63,73,9.9
62,68,6.1
61,67,6.4
60,59,-0.8
59,64,4.6
58,61,2.6
57,59,2.1
56,61,5.3
55,58,3.3
54,56,1.8
53,58,4.8
52,57,5.1
51,54,3.5
50,58,7.6
49,59,10.2
48,54,5.9
47,56,9.0
46,52,5.9
45,48,3.3
44,53,9.1
43,54,11.4
42,53,11.3
41,53,11.8
40,49,9.1
39,46,6.5
38,48,10.4
37,45,8.4
36,42,5.7
35,36,1.4
34,36,2.3
33,35,2.3
32,33,0.9
31,32,1.5
30,32,2.3
29,35,5.5
28,31,2.7
27,32,4.6
26,29,3.1
25,28,3.1
24,28,3.7
23,27,4.0
22,24,2.5
21,23,1.9
20,22,1.8
19,21,2.2
18,22,3.9
17,22,5.3
16,21,4.8
15,20,5.0
14,17,3.1
13,15,1.7
12,13,1.1
11,12,1.4
10,12,2.3
9,10,1.4
8,9,1.4
7,8,0.9
6,6,0.4
5,7,1.7
4,5,1.1
3,4,1.5
2,4,1.5
1,2,0.9
0,2,2.2
125,123,-1.9
125,126,1.4
125,125,-0.2
125,126,0.5
125,125,-0.4
125,125,-0.0
125,125,-0.1
125,125,-0.3
125,125,0.3
125,126,1.0
125,124,-0.6
125,125,0.5
125,125,0.5
125,126,0.6
125,126,0.6
125,126,0.9
125,126,1.2
125,125,0.5
125,125,-0.1
125,125,0.0
125,126,0.6
125,125,-0.2
125,125,-0.1
125,125,0.1
125,122,-3.4
125,124,-1.0
125,122,-3.2
125,123,-2.0
125,124,-0.6
125,123,-1.7
125,124,-1.4
125,125,-0.1
125,124,-1.2
125,125,0.1
125,126,0.6
125,123,-1.5
125,126,1.3
125,125,0.2
125,124,-1.5
125,126,1.0
125,123,-2.3
125,125,-0.2
125,124,-0.6
125,125,-0.3
125,124,-1.0
125,126,0.9
125,126,0.8
125,125,0.5
125,125,0.3
125,124,-1.0
125,125,0.1
125,123,-1.5
125,123,-2.0
125,125,0.0
125,124,-0.5
125,123,-1.8
125,124,-1.3
125,124,-1.1
125,125,-0.2
125,124,-1.1
125,124,-0.7
125,123,-1.9
125,125,-0.4
125,125,-0.3
125,125,0.1
125,122,-3.2
125,124,-0.8
125,123,-1.7
125,123,-1.8
125,125,-0.3
125,121,-4.3
125,124,-1.4
125,124,-0.5
125,123,-1.6
125,123,-2.5
125,121,-3.7
125,124,-1.3
125,123,-2.2
125,121,-3.6
125,123,-2.3
125,123,-2.3
125,122,-3.5
125,120,-4.5
125,122,-3.2
125,121,-4.3
125,120,-4.6
125,122,-3.0
125,121,-4.4
125,122,-3.1
125,120,-4.7
125,123,-2.1
125,122,-2.9
125,122,-3.2
125,121,-3.7
125,120,-5.0
125,123,-2.0
125,121,-4.1
125,120,-4.9
125,121,-4.4
125,123,-2.4
125,120,-4.9
125,119,-5.9
125,117,-7.7
125,115,-9.9
125,115,-10.4
125,115,-10.0
125,114,-10.6
125,114,-10.5
125,110,-14.5
125,114,-10.7
125,112,-12.6
125,114,-10.8
125,112,-12.9
125,112,-13.1
125,117,-8.2
125,113,-11.6
125,115,-9.9
125,115,-9.5
125,119,-6.4
125,117,-8.1
125,117,-8.3
125,117,-7.9
125,107,-18.3
125,104,-21.3
125,108,-16.8
125,106,-18.6
125,111,-14.1
125,103,-22.5
125,110,-15.5
125,98,-27.5
125,102,-22.8
125,105,-20.4
125,106,-19.0
125,105,-19.9
125,105,-20.4
125,104,-21.4
125,101,-23.9
125,104,-20.6
125,105,-19.6
125,105,-20.3
125,108,-17.5
125,103,-21.7
125,99,-25.7
125,106,-19.5
125,103,-21.8
125,103,-21.7
125,108,-17.1
125,108,-16.9
125,97,-27.8
125,106,-19.1
125,106,-18.8
125,100,-24.7
125,100,-25.4
124,101,-23.2
123,97,-26.4
122,91,-30.6
121,105,-16.2
120,92,-27.7
119,100,-18.6
118,94,-24.5
117,90,-26.7
116,88,-28.2
115,87,-28.0
114,95,-18.9
113,97,-15.7
112,85,-27.3
111,89,-21.8
110,98,-11.6
109,87,-22.3
108,90,-18.4
107,86,-21.0
106,80,-26.3
105,87,-18.4
104,83,-20.8
103,87,-16.1
102,88,-14.4
101,81,-19.9
100,84,-16.2
99,84,-15.1
98,82,-16.5
97,80,-16.9
96,86,-10.1
95,76,-19.4
94,75,-19.2
93,75,-17.8
92,73,-19.2
91,74,-16.9
90,74,-16.3
89,71,-18.2
88,69,-19.1
87,67,-19.7
86,68,-18.0
85,70,-14.6
84,75,-8.5
83,72,-10.8
82,72,-10.3
81,68,-13.2
80,65,-15.2
79,68,-11.1
78,62,-15.7
77,60,-17.0
76,59,-17.3
75,58,-16.9
74,58,-16.4
73,55,-18.4
72,56,-16.4
71,57,-14.3
70,54,-15.7
69,61,-7.7
68,53,-15.2
67,54,-13.4
66,52,-14.0
65,53,-12.1
64,51,-12.7
63,47,-15.9
62,50,-12.3
61,47,-14.1
60,49,-11.2
59,50,-8.7
58,45,-13.2
57,48,-8.8
56,40,-15.6
55,40,-14.7
54,44,-9.9
53,45,-7.6
52,46,-6.5
51,40,-11.4
50,40,-9.8
49,38,-11.3
48,38,-9.5
47,35,-12.1
46,36,-10.2
45,33,-12.1
44,31,-12.6
43,32,-11.1
42,32,-9.9
41,32,-8.7
40,29,-11.0
39,30,-9.3
38,30,-8.3
37,28,-8.7
36,27,-8.9
35,26,-8.6
34,26,-7.7
33,23,-9.9
32,24,-8.0
31,23,-8.1
30,22,-8.2
29,22,-7.3
28,20,-8.3
27,19,-7.8
26,18,-7.6
25,18,-7.4
24,17,-7.4
23,16,-7.1
22,16,-6.4
21,13,-7.6
20,14,-6.2
19,15,-4.5
18,14,-4.2
17,15,-2.2
16,13,-2.7
15,12,-3.4
14,11,-3.2
13,10,-3.4
12,9,-3.0
11,8,-3.1
10,8,-2.3
9,6,-2.7
8,7,-1.2
7,5,-1.5
6,5,-0.8
5,4,-0.9
4,4,0.4
3,3,0.4
2,3,0.8
1,1,0.2
0,2,1.8
125,123,-2.5
125,121,-4.3
125,122,-3.4
125,120,-4.7
125,121,-4.1
125,120,-5.0
125,119,-5.9
125,120,-5.4
125,119,-6.2
125,119,-6.3
125,122,-3.3
125,124,-0.6
125,124,-0.7
125,123,-1.7
125,124,-0.7
125,122,-3.4
125,126,1.2
125,122,-2.6
125,122,-3.0
125,121,-4.0
125,123,-2.0
125,123,-1.8
125,125,-0.0
125,124,-1.0
125,122,-2.7
125,123,-1.8
125,124,-0.5
125,123,-2.2
125,123,-2.4
125,124,-1.0
125,125,-0.2
125,125,-0.1
125,125,-0.3
125,123,-1.6
125,123,-1.6
125,123,-1.6
125,124,-0.7
125,124,-0.9
125,121,-4.3
125,125,-0.3
125,124,-0.7
125,123,-1.8
125,121,-3.5
125,123,-1.7
125,122,-3.4
125,122,-2.6
125,123,-2.3
125,121,-4.2
125,125,0.2
125,123,-1.9
125,122,-2.9
125,121,-3.6
125,121,-4.1
124,120,-3.9
123,120,-3.3
122,121,-1.2
121,119,-1.8
120,119,-0.7
119,116,-2.7
118,116,-2.4
117,119,1.9
116,121,4.7
115,115,0.2
114,111,-3.5
113,113,-0.4
112,111,-1.4
111,109,-2.3
110,108,-1.9
109,105,-3.9
108,105,-3.4
107,110,2.6
106,112,6.2
105,110,4.7
104,110,6.0
103,105,2.5
102,107,5.4
101,103,2.4
100,96,-3.8
99,104,4.8
98,110,11.7
97,100,2.9
96,96,0.0
95,102,7.0
94,103,9.1
93,106,13.3
92,98,5.7
91,97,5.6
90,89,-0.8
89,104,15.3
88,97,8.5
87,99,12.3
86,97,10.9
85,101,16.0
84,97,12.8
83,89,5.7
82,88,5.7
81,93,12.3
80,93,12.7
79,83,4.4
78,86,8.2
77,82,4.7
76,82,6.5
75,85,10.3
74,84,10.4
73,100,26.9
72,84,12.5
71,75,4.0
70,85,15.4
69,84,15.0
68,78,10.4
67,82,14.9
66,71,4.6
65,70,4.8
64,73,8.8
63,71,7.6
62,70,7.9
61,71,10.0
60,72,11.6
59,60,0.6
58,56,-1.7
57,58,1.3
56,59,2.7
55,55,0.5
54,61,7.4
53,59,6.1
52,61,8.6
51,57,6.4
50,56,5.9
49,57,8.4
48,58,9.9
47,54,7.4
46,50,3.8
45,58,12.8
44,51,6.9
43,48,4.9
42,45,3.1
41,51,9.9
40,47,6.8
39,44,4.7
38,47,8.7
37,46,9.1
36,42,6.4
35,39,4.4
34,37,3.1
33,37,3.8
32,37,5.4
31,34,3.4
30,33,3.2
29,35,5.5
28,26,-1.9
27,29,1.8
26,27,0.6
25,27,1.7
24,25,0.6
23,24,1.3
22,23,1.3
21,23,2.3
20,21,1.5
19,21,1.7
18,21,3.5
17,21,3.7
16,20,3.7
15,19,4.3
14,18,3.9
13,13,0.2
12,11,-1.1
11,11,-0.5
10,9,-0.9
9,9,0.2
8,9,1.2
7,8,0.7
6,6,0.5
5,5,0.5
4,5,1.0
3,3,0.2
2,3,0.7
1,1,-0.1
0,2,1.7
125,126,0.6
125,126,0.7
125,125,-0.5
125,125,0.4
125,126,0.7
125,126,0.7
125,125,-0.3
125,125,0.5
125,126,0.7
125,125,0.4
125,125,0.1
125,124,-1.3
125,125,0.2
125,124,-1.1
125,125,-0.5
125,124,-1.3
125,125,-0.3
125,125,0.1
125,125,0.1
125,125,-0.3
125,125,-0.1
125,124,-0.8
125,125,-0.0
125,125,-0.2
125,125,-0.4
125,124,-0.9
125,124,-0.7
125,125,-0.4
125,123,-1.7
125,124,-0.8
125,125,-0.5
125,125,-0.4
125,125,-0.1
125,124,-1.2
125,124,-1.0
125,125,-0.5
125,124,-1.3
125,124,-0.8
125,125,0.1
125,125,0.3
125,124,-0.6
125,123,-2.1
125,125,-0.0
125,124,-0.5
125,124,-1.4
125,123,-1.7
125,124,-1.1
125,123,-1.7
125,123,-1.6
125,124,-0.7
125,124,-1.5
125,122,-2.7
125,124,-1.2
125,124,-1.0
125,123,-1.7
125,120,-4.7
125,121,-3.5
125,119,-5.6
125,119,-5.8
125,124,-1.4
125,122,-3.3
125,121,-3.7
125,122,-3.3
125,120,-4.7
125,120,-5.0
125,121,-3.9
125,122,-3.1
125,121,-3.8
125,117,-7.7
125,117,-8.1
125,120,-5.4
125,119,-6.3
125,120,-5.2
125,120,-5.5
125,120,-5.2
125,118,-7.1
125,119,-6.3
125,121,-3.7
125,117,-7.9
125,120,-4.9
125,121,-4.0
125,120,-5.0
125,116,-8.9
125,117,-8.2
125,109,-15.5
125,115,-9.9
125,116,-9.4
125,115,-9.6
124,114,-9.7
123,107,-15.6
122,111,-10.7
121,109,-12.1
120,108,-12.3
119,112,-6.6
118,113,-4.6
117,112,-4.9
116,111,-5.2
115,109,-6.0
114,112,-1.6
113,105,-7.7
112,103,-8.9
111,100,-10.5
110,101,-9.5
109,105,-3.6
108,105,-3.3
107,101,-5.8
106,98,-8.2
105,100,-5.1
104,99,-5.4
103,91,-12.4
102,94,-8.4
101,98,-2.9
100,90,-10.4
99,89,-10.4
98,94,-4.0
97,93,-4.1
96,93,-2.7
95,93,-1.9
94,88,-5.6
93,89,-4.5
92,93,0.8
91,87,-4.2
90,89,-0.5
89,89,0.2
88,83,-5.3
87,83,-4.1
86,80,-6.4
85,77,-7.5
84,75,-9.2
83,75,-8.2
82,72,-9.9
81,73,-8.2
80,67,-13.3
79,71,-8.0
78,68,-10.4
77,71,-5.7
76,68,-8.2
75,66,-8.5
74,68,-5.6
73,69,-4.1
72,67,-4.5
71,66,-5.4
70,65,-5.1
69,61,-7.9
68,64,-4.0
67,63,-3.7
66,57,-9.3
65,60,-5.2
64,57,-6.6
63,58,-5.4
62,57,-5.2
61,57,-4.4
60,56,-3.7
59,54,-5.0
58,56,-2.1
57,55,-1.9
56,56,-0.3
55,53,-1.9
54,54,0.2
53,50,-2.8
52,51,-1.1
51,52,0.8
50,50,-0.3
49,49,0.1
48,46,-2.4
47,45,-1.6
46,45,-0.6
45,44,-1.1
44,41,-3.4
43,39,-3.5
42,39,-3.2
41,39,-1.9
40,39,-1.5
39,37,-1.7
38,33,-4.7
37,33,-4.4
36,33,-3.4
35,32,-2.7
34,33,-0.7
33,33,0.4
32,32,-0.4
31,31,0.3
30,31,0.5
29,30,1.4
28,29,1.1
27,26,-0.5
26,24,-1.9
25,24,-0.6
24,25,1.1
23,23,0.2
22,21,-1.0
21,20,-0.5
20,19,-0.7
19,18,-0.8
18,18,-0.1
17,17,-0.3
16,15,-0.8
15,14,-0.8
14,14,-0.5
13,13,-0.0
12,11,-0.8
11,11,0.0
10,11,0.7
9,10,1.1
8,9,1.0
7,8,0.7
6,8,1.6
5,7,1.8
4,5,1.3
3,4,1.0
2,3,1.2
1,1,0.4
0,2,1.6
125,126,0.5
125,126,1.2
125,126,0.9
125,126,0.7
125,125,-0.1
125,125,0.4
125,125,0.3
125,125,0.3
125,125,-0.1
125,125,0.5
125,126,0.6
125,126,0.6
125,126,0.7
125,126,0.7
125,125,-0.2
125,126,1.1
125,125,-0.0
125,126,1.0
125,125,-0.0
125,125,0.2
125,125,0.4
125,124,-1.4
125,123,-2.2
125,124,-1.0
125,123,-1.8
125,124,-0.9
125,124,-1.1
125,124,-1.0
125,125,-0.1
125,126,0.7
125,126,0.9
125,124,-0.8
125,125,0.1
125,125,0.1
125,125,0.2
125,125,-0.5
125,125,-0.4
125,125,-0.1
125,124,-1.0
125,125,0.0
125,125,-0.4
125,124,-0.9
125,124,-0.6
125,124,-0.8
125,124,-1.2
125,124,-0.9
125,124,-0.7
125,123,-1.6
125,123,-1.5
125,124,-1.1
125,124,-1.4
125,124,-0.8
125,124,-1.2
125,125,-0.1
125,123,-1.7
125,122,-2.7
125,123,-2.3
125,121,-3.6
125,124,-1.3
125,122,-3.3
125,122,-3.1
125,122,-3.1
125,123,-1.8
125,123,-1.9
125,121,-3.9
125,123,-2.2
125,122,-3.2
125,120,-5.2
125,121,-4.2
125,124,-1.1
125,123,-1.9
125,124,-1.4
125,124,-1.2
125,126,0.8
125,122,-2.6
125,125,-0.4
125,123,-2.2
125,122,-2.7
125,123,-2.2
125,123,-2.4
125,120,-5.4
125,120,-5.5
125,121,-4.0
125,119,-5.8
125,120,-5.4
125,116,-8.5
125,116,-9.3
125,119,-6.4
125,117,-8.0
125,117,-7.8
125,115,-9.7
125,117,-8.2
124,114,-10.4
123,113,-10.3
122,110,-12.1
121,118,-3.3
120,116,-4.0
119,105,-14.5
118,107,-10.8
117,103,-14.1
116,108,-8.2
115,100,-14.8
114,103,-10.5
113,104,-9.1
112,105,-7.0
111,106,-5.3
110,108,-2.4
109,103,-6.1
108,104,-3.8
107,107,-0.0
106,105,-1.2
105,99,-6.5
104,106,1.9
103,107,4.3
102,108,6.1
101,104,3.4
100,103,2.5
99,99,0.5
98,101,3.0
97,97,0.2
96,95,-1.4
95,92,-2.9
94,86,-7.9
93,89,-4.4
92,88,-3.5
91,86,-5.0
90,89,-1.0
89,87,-1.9
88,87,-0.6
87,92,5.1
86,90,4.2
85,92,7.1
84,93,9.3
83,87,4.3
82,81,-1.3
81,82,1.0
80,82,1.6
79,82,2.8
78,78,0.3
77,74,-2.8
76,73,-3.1
75,73,-2.1
74,72,-2.4
73,72,-0.8
72,76,4.0
71,76,4.5
70,75,5.2
69,74,4.8
68,75,7.4
67,74,7.0
66,76,10.4
65,74,8.5
64,65,1.2
63,68,5.4
62,65,2.9
61,65,4.0
60,66,5.6
59,65,5.6
58,67,9.4
57,66,8.7
56,65,9.0
55,63,7.9
54,61,6.9
53,64,11.3
52,62,9.5
51,61,10.4
50,61,11.2
49,59,9.5
48,59,11.5
47,59,11.6
46,57,10.7
45,55,10.2
44,51,7.5
43,51,8.2
42,48,6.1
41,45,3.6
40,47,6.6
39,40,1.3
38,42,3.7
37,38,1.0
36,38,2.0
35,35,-0.2
34,35,1.1
33,35,2.1
32,35,3.4
31,31,0.5
30,32,1.5
29,33,3.8
28,30,2.5
27,32,4.9
26,29,3.1
25,30,4.5
24,28,4.3
23,27,3.6
22,22,0.1
21,22,1.1
20,21,0.8
19,20,1.4
18,18,0.2
17,19,1.7
16,17,0.7
15,16,1.1
14,16,2.4
13,14,1.2
12,14,1.7
11,12,1.3
10,11,1.2
9,11,1.5
8,8,0.1
7,7,0.3
6,6,0.1
5,5,0.5
4,5,0.8
3,3,0.1
2,2,0.3
1,1,0.3
0,2,1.6
125,126,0.8
125,125,-0.3
125,126,0.6
125,126,1.3
125,125,0.3
125,126,0.5
125,125,0.5
125,126,0.9
125,125,-0.2
125,125,-0.3
125,125,-0.3
125,125,0.2
125,125,0.2
125,125,0.4
125,126,0.7
125,125,0.4
125,126,0.7
125,125,0.2
125,126,0.9
125,126,0.7
125,126,0.5
125,126,0.7
125,125,0.4
125,125,0.1
125,125,-0.1
125,125,0.4
125,125,0.1
125,125,0.4
125,126,1.3
124,125,1.4
123,125,2.4
122,125,3.3
121,127,5.5
120,125,5.5
119,125,6.0
118,125,6.9
117,125,8.1
116,125,8.9
115,125,9.8
114,125,10.7
113,125,12.2
112,125,12.7
111,125,13.6
110,125,14.7
109,125,16.0
108,124,15.5
107,124,16.6
106,123,16.7
105,122,17.2
104,121,17.3
103,123,19.9
102,119,17.4
101,118,16.8
100,121,21.5
99,124,24.8
98,123,25.5
97,122,25.3
96,121,25.4
95,123,27.7
94,120,25.8
93,119,26.4
92,120,27.6
91,120,29.2
90,119,28.9
89,116,27.1
88,115,26.9
87,116,28.6
86,113,27.2
85,111,25.6
84,111,26.6
83,113,30.3
82,116,34.0
81,110,29.4
80,114,33.8
79,113,33.6
78,113,35.1
77,108,30.8
76,105,28.6
75,102,27.0
74,101,26.6
73,100,27.2
72,101,29.2
71,94,22.8
70,83,12.6
69,81,12.5
68,87,18.8
67,79,12.2
66,88,22.5
65,85,20.0
64,84,20.5
63,73,9.9
62,87,24.6
61,81,20.1
60,85,24.9
59,81,22.0
58,79,20.6
57,74,17.4
56,70,13.6
55,67,12.1
54,66,12.1
53,67,13.7
52,67,15.0
51,70,19.0
50,69,19.5
49,70,20.7
48,70,21.5
47,64,16.8
46,59,13.0
45,55,10.4
44,54,9.7
43,52,8.6
42,54,12.5
41,52,11.2
40,51,10.9
39,52,13.1
38,52,13.8
37,53,15.6
36,46,10.3
35,46,11.1
34,50,15.6
33,42,9.3
32,44,11.9
31,43,12.2
30,39,8.8
29,38,8.7
28,38,10.0
27,35,8.0
26,29,3.3
25,30,4.9
24,31,7.3
23,29,6.5
22,25,2.8
21,26,4.5
20,25,5.2
19,25,6.5
18,22,4.3
17,20,3.3
16,20,4.3
15,18,2.7
14,17,3.1
13,15,1.8
12,14,2.5
11,13,1.5
10,12,2.1
9,12,2.8
8,11,2.8
7,9,1.7
6,7,1.2
5,6,1.3
4,6,1.9
3,4,1.1
2,2,0.0
1,2,0.6
0,0,0.4
125,120,-4.5
125,124,-1.4
125,123,-2.1
125,122,-3.3
125,119,-6.3
125,120,-4.9
125,119,-5.5
125,121,-3.6
125,122,-3.4
125,121,-4.1
124,118,-5.9
123,122,-1.3
122,122,-0.0
121,125,3.5
120,123,2.9
119,123,4.4
118,123,5.2
117,125,7.6
116,124,8.2
115,126,10.5
114,124,10.5
113,122,9.4
112,123,11.2
111,123,12.3
110,124,14.1
109,126,16.8
108,125,17.0
107,126,18.7
106,126,19.8
105,126,20.6
104,125,20.6
103,125,22.4
102,121,18.7
101,121,20.4
100,122,21.5
99,122,22.6
98,120,21.6
97,120,23.0
96,121,24.8
95,121,25.5
94,120,25.5
93,121,28.1
92,121,29.2
91,120,28.5
90,119,29.3
89,120,31.4
88,120,31.9
87,119,32.2
86,122,35.5
85,121,35.9
84,110,26.5
83,113,30.0
82,114,31.9
81,111,30.0
80,110,30.3
79,106,27.0
78,106,28.2
77,107,29.8
76,104,28.2
75,99,24.4
74,99,24.5
73,97,23.8
72,95,23.1
71,98,27.4
70,99,28.6
69,97,27.6
68,94,25.6
67,90,23.1
66,88,22.5
65,87,21.8
64,84,20.1
63,82,19.0
62,81,18.7
61,78,16.7
60,80,19.7
59,81,22.0
58,77,19.1
57,77,20.4
56,71,15.2
55,68,13.4
54,71,17.3
53,69,15.7
52,67,15.2
51,61,10.4
50,67,17.1
49,64,14.7
48,66,18.4
47,65,17.6
46,66,19.6
45,61,16.4
44,59,14.7
43,55,11.9
42,56,13.7
41,50,9.2
40,52,11.7
39,44,4.6
38,46,8.0
37,47,9.8
36,44,7.5
35,45,10.3
34,46,12.3
33,45,11.9
32,41,9.4
31,42,10.6
30,42,12.3
29,40,11.2
28,38,10.2
27,35,8.1
26,32,6.1
25,32,6.6
24,31,6.6
23,28,5.1
22,27,4.6
21,29,7.7
20,24,3.8
19,25,5.9
18,24,5.7
17,27,9.7
16,20,3.9
15,19,3.7
14,19,5.2
13,19,5.8
12,17,5.5
11,16,4.8
10,14,4.1
9,11,2.3
8,10,2.0
7,8,0.7
6,7,0.8
5,5,0.0
4,3,-0.7
3,4,0.6
2,2,0.0
1,1,-0.4
0,0,0.2
125,125,0.1
125,125,0.0
125,122,-2.9
125,125,0.1
125,124,-0.6
125,124,-0.5
125,124,-0.7
125,124,-1.4
125,123,-1.7
125,123,-2.3
125,125,-0.2
125,125,0.4
125,124,-0.7
125,124,-1.2
125,124,-0.7
125,122,-2.6
125,123,-2.2
125,124,-0.8
125,124,-1.3
125,124,-0.9
125,124,-0.8
125,124,-0.6
125,124,-0.5
125,125,-0.2
125,124,-1.1
125,122,-2.8
125,124,-0.5
125,125,-0.1
125,124,-1.4
125,125,0.3
125,125,-0.1
125,124,-1.1
125,124,-0.8
125,124,-0.9
125,125,-0.4
125,125,-0.4
125,125,-0.0
125,125,-0.3
125,125,-0.2
125,124,-0.7
125,124,-0.5
125,124,-1.2
125,121,-3.8
125,125,-0.5
125,123,-1.6
125,123,-2.5
125,123,-1.7
125,121,-3.7
125,123,-1.8
125,123,-1.9
125,124,-0.8
125,124,-0.9
125,123,-1.8
125,123,-2.4
125,123,-1.7
125,123,-1.5
125,124,-1.0
125,124,-1.0
125,124,-0.5
125,124,-0.9
125,124,-0.8
125,123,-2.3
125,124,-1.3
125,124,-1.4
125,123,-1.8
125,124,-1.1
125,123,-2.2
125,123,-2.1
125,122,-3.4
125,124,-0.6
125,124,-1.2
125,123,-1.8
125,123,-2.0
125,124,-0.9
125,121,-3.8
125,124,-0.7
125,121,-3.8
125,123,-2.1
125,124,-1.0
125,124,-1.3
125,124,-1.3
125,121,-4.3
125,123,-2.1
125,123,-2.2
125,123,-2.2
125,124,-1.1
125,124,-1.5
125,124,-1.0
125,124,-0.9
125,123,-2.2
125,121,-3.6
125,124,-0.9
125,123,-1.6
125,118,-7.0
125,123,-2.4
125,123,-2.0
125,122,-3.5
125,123,-1.8
125,118,-6.8
125,123,-2.5
125,121,-3.6
125,121,-3.5
125,121,-3.9
125,122,-2.8
125,122,-3.2
125,121,-3.8
125,119,-6.1
125,121,-4.2
125,119,-5.7
125,118,-6.9
125,121,-4.1
125,119,-6.0
125,120,-5.2
125,120,-5.0
125,117,-7.8
125,122,-3.4
125,120,-4.9
125,121,-4.3
125,118,-6.6
125,114,-10.6
125,119,-6.1
125,117,-7.8
125,120,-5.3
125,121,-4.2
125,118,-7.2
125,116,-9.2
125,116,-9.3
125,114,-10.7
125,115,-9.9
125,114,-11.5
125,116,-8.9
125,114,-11.4
125,116,-8.6
125,118,-6.8
125,116,-9.0
125,117,-8.1
125,116,-8.7
125,116,-9.1
125,115,-9.6
125,118,-6.8
125,117,-8.1
125,114,-10.5
125,113,-12.0
125,114,-10.6
125,116,-9.5
125,110,-14.8
125,111,-13.8
125,107,-17.6
125,107,-18.5
125,102,-22.6
125,103,-21.8
125,106,-19.3
125,98,-27.0
125,104,-21.1
125,103,-22.5
125,99,-26.1
125,97,-28.3
125,98,-27.5
125,105,-19.9
125,105,-20.0
125,108,-17.3
125,100,-24.6
125,106,-19.4
125,103,-21.9
125,101,-23.6
125,100,-24.8
125,99,-25.5
125,96,-29.2
125,98,-26.6
125,97,-27.6
125,98,-27.3
125,97,-27.8
125,95,-30.0
125,95,-29.7
125,91,-34.5
125,95,-30.4
125,97,-28.2
125,94,-30.6
125,88,-37.0
125,94,-30.6
125,99,-26.1
125,92,-32.5
125,98,-27.4
125,94,-30.7
125,95,-30.3
125,95,-30.4
125,94,-31.4
125,92,-32.9
125,88,-37.1
125,91,-34.2
125,87,-38.2
125,91,-33.9
125,93,-31.6
125,92,-33.4
125,89,-36.5
125,91,-34.3
125,83,-42.0
125,85,-40.3
125,85,-40.3
125,85,-40.3
125,85,-39.5
125,88,-37.3
125,87,-38.4
125,84,-41.5
125,85,-39.6
125,89,-36.1
125,84,-40.7
125,80,-44.9
125,80,-44.7
125,74,-50.6
125,77,-48.4
125,76,-49.3
125,75,-49.9
125,78,-47.4
125,74,-50.5
125,74,-50.6
124,71,-52.6
123,74,-49.1
122,73,-48.8
121,77,-43.7
120,74,-46.0
119,78,-40.7
118,73,-45.0
117,77,-39.8
116,76,-40.2
115,72,-43.2
114,75,-38.6
113,73,-40.1
112,72,-40.2
111,67,-43.7
110,64,-46.4
109,59,-50.2
108,64,-44.2
107,61,-46.3
106,63,-42.5
105,67,-38.3
104,67,-37.1
103,64,-39.5
102,64,-38.1
101,55,-45.8
100,57,-42.9
99,56,-43.4
98,58,-40.1
97,58,-38.7
96,54,-41.6
95,55,-39.8
94,54,-40.2
93,55,-38.4
92,52,-39.7
91,55,-35.7
90,53,-37.2
89,58,-31.2
88,51,-37.2
87,51,-36.0
86,50,-36.1
85,52,-33.0
84,49,-35.3
83,50,-33.2
82,53,-29.2
81,52,-28.7
80,50,-30.0
79,47,-31.7
78,49,-28.8
77,45,-32.4
76,46,-30.1
75,45,-29.8
74,46,-27.7
73,45,-27.9
72,42,-29.7
71,45,-25.9
70,42,-28.1
69,43,-26.3
68,42,-26.5
67,41,-25.7
66,40,-25.7
65,41,-24.1
64,41,-23.0
63,40,-22.6
62,38,-23.8
61,38,-22.8
60,39,-20.6
59,37,-21.9
58,38,-20.3
57,38,-19.3
56,37,-19.2
55,38,-16.6
54,39,-15.3
53,34,-18.6
52,34,-18.3
51,32,-18.9
50,32,-18.0
49,30,-19.3
48,29,-18.9
47,29,-17.8
46,27,-18.8
45,27,-18.2
44,27,-17.3
43,26,-17.0
42,28,-13.6
41,28,-13.3
40,26,-13.9
39,26,-13.5
38,26,-12.3
37,23,-13.6
36,23,-12.7
35,22,-13.2
34,22,-12.2
33,21,-11.8
32,19,-12.7
31,19,-11.5
30,19,-11.4
29,19,-10.1
28,18,-10.0
27,18,-8.7
26,17,-9.4
25,15,-9.6
24,15,-9.1
23,14,-8.7
22,14,-7.9
21,13,-8.0
20,13,-7.2
19,11,-7.7
18,11,-6.9
17,11,-5.9
16,10,-5.8
15,11,-3.9
14,9,-4.5
13,9,-3.7
12,8,-4.3
11,7,-3.8
10,7,-3.4
9,6,-3.0
8,6,-2.4
7,5,-2.1
6,4,-2.3
5,3,-1.6
4,3,-0.8
3,3,-0.3
2,1,-0.5
1,2,0.6
0,1,1.4
125,126,0.6
125,125,0.4
125,125,-0.4
125,125,-0.2
125,126,0.8
125,124,-1.0
125,125,-0.0
125,125,-0.2
125,123,-2.4
125,124,-0.6
125,125,-0.1
125,124,-0.5
125,125,-0.5
125,124,-1.0
125,126,1.0
125,126,1.1
125,125,0.4
125,124,-0.8
125,126,0.9
125,125,0.4
125,125,-0.1
125,126,0.6
125,124,-0.6
125,125,0.1
125,124,-0.7
125,126,0.5
125,125,0.4
125,126,0.9
125,127,1.9
125,126,0.6
124,126,1.8
123,126,3.0
122,126,3.9
121,125,4.0
120,125,5.1
119,125,6.2
118,125,6.9
117,124,6.8
116,125,8.8
115,124,9.3
114,121,7.1
113,123,9.9
112,124,11.7
111,121,10.3
110,121,11.3
109,121,12.4
108,122,14.1
107,123,15.6
106,121,14.6
105,121,16.2
104,122,18.0
103,121,17.7
102,118,16.3
101,120,18.6
100,121,21.1
99,121,22.2
98,120,22.5
97,119,21.8
96,119,23.1
95,119,23.8
94,118,24.2
93,118,24.7
92,117,24.8
91,117,26.0
90,114,24.3
89,113,23.8
88,116,28.3
87,113,26.0
86,108,21.8
85,111,26.1
84,114,29.7
83,113,30.0
82,114,31.6
81,104,23.1
80,108,27.8
79,103,24.3
78,101,23.2
77,101,23.7
76,107,31.2
75,106,30.7
74,100,26.3
73,98,24.8
72,95,22.9
71,97,26.1
70,98,27.9
69,98,29.4
68,92,23.5
67,82,14.9
66,87,21.0
65,93,27.7
64,91,26.8
63,94,30.5
62,100,38.0
61,93,31.7
60,90,29.7
59,86,26.6
58,81,23.1
57,84,26.8
56,76,20.4
55,75,20.2
54,77,23.4
53,77,24.2
52,79,26.5
51,75,23.6
50,78,28.4
49,75,25.7
48,75,26.6
47,73,25.6
46,70,24.3
45,78,33.4
44,72,27.7
43,70,26.7
42,68,26.3
41,64,23.0
40,57,17.1
39,61,21.6
38,60,22.1
37,55,18.1
36,53,17.3
35,48,12.5
34,52,18.4
33,52,18.8
32,54,21.5
31,50,19.4
30,42,11.9
29,46,17.0
28,43,14.6
27,42,15.3
26,43,17.3
25,40,15.4
24,38,14.4
23,34,11.2
22,33,11.0
21,33,11.6
20,32,12.3
19,28,9.4
18,30,11.9
17,26,8.8
16,24,7.9
15,25,9.6
14,23,8.5
13,20,6.5
12,17,5.3
11,19,7.9
10,15,5.2
9,15,5.7
8,12,4.4
7,10,2.9
6,10,3.6
5,7,2.3
4,7,2.6
3,4,1.4
2,4,1.5
1,3,1.6
0,3,2.6
125,124,-0.7
125,126,0.7
125,125,0.3
125,126,0.7
125,124,-0.9
125,125,0.1
125,123,-1.8
125,128,2.6
125,125,-0.2
125,124,-1.1
125,123,-1.6
125,124,-0.7
125,123,-1.6
125,125,0.2
125,124,-1.2
125,126,1.1
125,128,3.1
125,125,-0.2
125,126,0.5
125,124,-1.0
125,124,-1.5
125,123,-2.0
125,124,-0.5
125,123,-2.1
125,123,-2.2
125,121,-4.2
125,121,-4.2
125,123,-1.7
125,123,-1.6
125,122,-3.3
125,124,-0.9
125,124,-1.2
125,123,-1.8
125,122,-3.2
125,124,-1.5
125,123,-1.9
125,124,-1.1
125,122,-2.8
125,122,-2.9
125,122,-2.9
125,120,-4.9
125,121,-4.2
125,120,-4.7
125,123,-1.9
125,122,-2.5
125,123,-2.2
125,122,-3.4
125,124,-1.0
125,124,-1.3
125,123,-2.0
125,121,-3.7
125,121,-4.4
125,120,-5.0
125,123,-1.5
125,120,-4.7
125,121,-4.3
125,122,-2.9
125,122,-2.9
125,121,-3.7
125,123,-1.9
125,122,-3.2
125,122,-3.4
125,122,-2.7
125,121,-3.5
125,118,-6.5
125,119,-6.0
125,119,-6.3
125,120,-4.6
125,125,0.3
125,123,-2.0
125,125,0.3
125,122,-3.5
125,121,-4.5
125,122,-2.8
125,122,-2.7
125,119,-6.0
125,120,-5.0
125,123,-1.9
125,121,-3.8
125,123,-2.3
125,123,-2.0
125,122,-2.7
125,121,-4.4
125,120,-4.7
125,120,-4.5
125,122,-3.0
125,121,-3.9
125,122,-3.4
125,120,-5.0
125,119,-5.7
125,120,-5.5
125,120,-4.6
125,120,-5.1
125,118,-6.5
125,119,-5.9
125,116,-9.2
125,119,-6.4
125,118,-6.6
125,121,-4.3
125,119,-5.9
125,118,-6.6
125,117,-8.4
125,120,-5.3
125,117,-7.9
125,115,-10.4
125,115,-9.9
125,117,-8.3
125,116,-9.2
125,117,-8.3
125,114,-10.6
125,113,-12.4
125,113,-11.5
125,112,-13.2
125,109,-16.3
125,111,-13.5
125,109,-15.9
125,110,-14.7
125,108,-16.7
125,101,-24.1
125,104,-20.6
125,105,-20.4
125,102,-22.9
125,101,-23.5
125,96,-28.7
125,100,-25.1
125,99,-26.3
125,101,-24.5
125,97,-27.7
125,94,-31.4
125,94,-31.5
125,98,-27.2
125,100,-25.3
125,97,-27.5
124,94,-30.0
123,95,-28.4
122,93,-28.9
121,91,-30.1
120,90,-29.7
119,90,-29.0
118,89,-28.7
117,93,-23.8
116,89,-27.0
115,88,-27.4
114,88,-25.8
113,90,-23.5
112,87,-24.9
111,87,-24.1
110,87,-22.8
109,85,-23.7
108,86,-21.6
107,88,-18.5
106,85,-20.9
105,80,-24.8
104,78,-25.6
103,74,-28.6
102,75,-27.2
101,76,-25.3
100,75,-25.4
99,73,-25.9
98,71,-26.7
97,72,-24.6
96,73,-23.1
95,70,-24.5
94,72,-22.4
93,69,-24.2
92,72,-20.0
91,72,-19.4
90,71,-18.7
89,72,-16.9
88,72,-16.4
87,66,-20.7
86,63,-23.4
85,64,-20.5
84,61,-22.9
83,62,-21.1
82,59,-23.1
81,58,-22.6
80,58,-22.3
79,59,-19.8
78,58,-20.5
77,63,-14.2
76,62,-14.2
75,60,-14.9
74,64,-10.2
73,61,-11.6
72,58,-14.3
71,59,-11.7
70,60,-9.9
69,55,-14.1
68,51,-16.9
67,51,-15.7
66,55,-10.7
65,50,-14.8
64,48,-15.8
63,47,-16.1
62,45,-16.6
61,47,-14.4
60,53,-7.5
59,51,-8.1
58,48,-9.6
57,49,-7.7
56,47,-9.3
55,46,-8.7
54,43,-11.1
53,41,-11.9
52,42,-10.0
51,38,-12.7
50,36,-14.2
49,37,-12.4
48,33,-15.3
47,34,-13.0
46,34,-11.8
45,33,-11.8
44,34,-10.1
43,34,-8.6
42,33,-9.5
41,32,-9.3
40,29,-11.1
39,29,-9.6
38,29,-8.8
37,28,-9.0
36,27,-9.4
35,26,-9.1
34,25,-9.4
33,24,-9.1
32,23,-8.6
31,23,-8.1
30,23,-6.9
29,23,-6.1
28,20,-7.5
27,20,-6.8
26,21,-5.2
25,20,-5.2
24,18,-5.9
23,19,-4.4
22,17,-5.3
21,17,-4.2
20,16,-4.2
19,14,-5.1
18,14,-3.8
17,13,-3.8
16,13,-2.6
15,12,-2.8
14,13,-1.3
13,12,-0.6
12,11,-0.6
11,8,-2.6
10,7,-3.0
9,7,-2.5
8,6,-1.9
7,5,-1.6
6,5,-1.1
5,4,-1.2
4,3,-0.9
3,3,-0.0
2,2,0.0
1,1,0.1
0,1,1.1
125,125,-0.2
125,120,-5.3
125,123,-1.9
125,121,-4.0
125,123,-1.7
125,126,0.8
125,125,-0.1
125,120,-4.6
125,125,0.3
125,123,-1.9
125,122,-3.0
125,125,-0.0
125,122,-2.7
125,125,0.3
125,124,-0.6
125,123,-2.2
125,124,-1.3
125,123,-1.7
125,123,-1.5
125,126,0.8
125,124,-1.1
125,124,-0.6
125,125,0.1
125,126,0.9
125,126,0.7
125,124,-1.1
125,121,-3.6
125,125,-0.4
125,121,-4.1
125,116,-8.9
125,117,-7.9
125,120,-5.4
125,118,-6.7
125,119,-5.9
125,120,-4.8
125,116,-8.7
125,119,-5.9
125,118,-7.2
125,123,-1.9
125,125,-0.4
125,125,-0.4
125,126,0.6
125,124,-0.7
125,124,-0.7
125,125,-0.2
125,124,-0.7
125,125,-0.3
125,125,0.1
125,126,0.7
125,122,-2.8
125,125,0.3
125,123,-1.5
125,124,-1.0
125,122,-2.9
125,124,-1.3
125,124,-0.8
125,124,-1.3
125,125,-0.0
125,124,-0.9
125,126,0.7
125,120,-4.6
125,122,-2.6
125,124,-1.2
125,126,0.6
125,125,-0.2
125,122,-3.0
125,125,0.1
125,122,-2.9
125,123,-2.3
125,125,0.2
125,123,-1.9
125,121,-4.4
125,124,-0.9
125,123,-1.8
125,124,-0.8
125,124,-0.9
125,123,-1.7
125,126,1.1
125,123,-1.7
125,123,-2.3
125,123,-2.0
125,122,-3.2
125,124,-0.9
125,124,-0.8
125,122,-3.2
125,124,-1.3
125,124,-1.1
125,123,-2.4
125,121,-3.9
125,123,-1.9
125,124,-1.0
125,123,-2.1
125,121,-3.7
125,120,-4.8
125,123,-2.4
125,119,-5.6
125,120,-5.1
125,118,-6.9
125,120,-4.7
125,123,-2.1
125,120,-5.5
125,122,-2.8
125,118,-6.7
125,120,-4.9
125,121,-4.0
125,121,-4.3
125,120,-4.8
125,120,-4.8
125,117,-7.6
125,122,-3.2
125,120,-5.4
125,120,-5.0
125,117,-7.5
125,120,-4.9
125,116,-8.9
125,113,-12.2
125,118,-7.3
125,118,-7.3
125,116,-8.7
125,112,-12.9
125,114,-10.9
125,115,-9.5
125,114,-11.2
125,116,-9.0
125,109,-15.6
125,112,-13.0
125,115,-9.7
125,105,-19.5
125,114,-11.4
125,114,-11.0
125,110,-15.0
125,106,-19.5
125,113,-11.9
125,106,-19.1
125,109,-15.7
125,107,-17.6
125,109,-15.7
125,109,-15.6
125,102,-22.8
125,103,-22.1
125,102,-23.3
125,103,-21.8
125,98,-27.4
125,103,-22.2
125,101,-23.9
125,95,-29.7
125,98,-27.1
125,98,-26.7
125,99,-26.5
125,103,-22.3
125,100,-25.2
125,101,-24.2
125,102,-23.3
125,94,-31.1
125,100,-25.2
125,95,-29.6
125,94,-31.0
125,92,-32.7
124,89,-35.3
123,91,-32.4
122,89,-33.5
121,94,-27.4
120,89,-31.0
119,89,-30.5
118,87,-31.1
117,95,-21.6
116,92,-24.0
115,90,-24.7
114,96,-18.1
113,93,-20.1
112,86,-26.1
111,86,-25.0
110,87,-23.4
109,88,-20.6
108,90,-18.0
107,84,-23.1
106,82,-24.0
105,84,-20.8
104,79,-25.3
103,79,-24.1
102,79,-23.2
101,77,-23.7
100,79,-21.0
99,77,-22.4
98,77,-20.8
97,76,-21.1
96,72,-24.1
95,70,-24.5
94,71,-23.2
93,67,-25.8
92,70,-22.4
91,70,-20.6
90,69,-21.2
89,71,-17.6
88,68,-20.5
87,61,-25.8
86,68,-18.0
85,58,-27.0
84,64,-19.6
83,63,-20.1
82,69,-12.6
81,67,-14.1
80,63,-16.6
79,63,-15.6
78,64,-13.9
77,65,-11.9
76,65,-10.9
75,65,-9.6
74,61,-13.4
73,63,-10.3
72,60,-12.0
71,59,-12.2
70,59,-10.6
69,57,-11.6
68,52,-16.2
67,60,-6.7
66,56,-10.0
65,53,-11.6
64,57,-7.4
63,55,-7.9
62,50,-12.4
61,47,-13.6
60,48,-11.6
59,48,-11.2
58,47,-10.9
57,46,-11.3
56,44,-11.6
55,46,-9.5
54,44,-9.7
53,44,-9.5
52,39,-12.9
51,39,-11.6
50,43,-7.1
49,40,-9.4
48,41,-7.5
47,37,-9.7
46,37,-9.3
45,35,-10.4
44,35,-9.4
43,35,-8.3
42,33,-9.4
41,34,-7.3
40,30,-10.3
39,28,-11.1
38,28,-9.8
37,30,-6.6
36,32,-4.2
35,31,-4.5
34,27,-7.3
33,26,-7.2
32,26,-6.0
31,25,-5.8
30,24,-6.2
29,22,-6.8
28,24,-4.4
27,22,-5.2
26,21,-5.4
25,21,-3.7
24,21,-2.8
23,21,-1.8
22,20,-2.3
21,17,-4.0
20,16,-4.1
19,15,-3.6
18,15,-3.0
17,15,-2.1
16,14,-2.2
15,13,-2.0
14,12,-1.7
13,11,-2.4
12,10,-1.8
11,8,-3.1
10,8,-2.4
9,7,-2.4
8,6,-1.9
7,5,-2.2
6,5,-1.2
5,4,-1.1
4,3,-0.8
3,3,-0.2
2,3,0.7
1,1,0.4
0,1,0.7
125,126,0.8
125,128,3.1
125,125,-0.3
125,126,1.2
125,126,1.1
125,126,1.0
125,126,1.0
125,126,0.9
125,126,1.4
125,127,1.7
125,126,1.2
125,126,0.9
125,127,1.5
125,127,2.3
125,126,0.5
125,125,0.3
125,125,0.0
125,126,0.5
125,125,0.0
125,125,0.3
125,125,0.0
125,125,-0.4
125,124,-0.7
125,125,0.5
125,126,0.6
125,126,0.9
125,125,0.4
125,127,1.7
125,127,2.0
125,127,1.7
125,126,1.1
125,126,1.4
125,127,1.9
125,126,0.7
125,126,0.9
125,125,-0.3
125,126,0.6
125,126,0.7
125,125,0.3
125,125,0.0
125,125,0.2
125,125,-0.2
125,124,-0.5
125,126,1.0
125,126,1.4
125,125,0.4
125,126,0.9
125,126,0.9
125,126,1.1
125,126,0.8
125,126,0.6
125,125,0.4
125,126,0.9
125,126,0.8
125,125,0.5
125,124,-0.5
125,125,-0.0
125,124,-1.2
125,125,0.2
125,125,-0.2
125,125,-0.1
125,125,-0.3
125,124,-1.1
125,124,-0.8
125,125,-0.2
125,125,-0.3
125,125,-0.3
125,126,0.8
125,126,1.4
125,125,0.1
125,126,1.0
125,126,1.2
125,126,0.5
125,124,-1.2
125,125,0.5
125,125,-0.4
125,126,0.7
125,125,-0.2
125,125,0.1
125,125,-0.0
125,124,-0.9
125,125,-0.5
125,125,0.4
125,126,0.6
125,126,0.8
125,125,0.2
125,127,2.1
125,125,0.0
125,124,-1.4
125,124,-1.4
125,124,-0.8
125,125,-0.1
125,125,-0.3
125,125,-0.2
125,125,-0.2
125,124,-0.7
125,124,-0.6
125,124,-1.0
125,123,-1.6
125,124,-0.8
125,124,-0.9
125,123,-1.7
125,124,-1.4
125,121,-4.5
125,124,-1.4
125,124,-1.0
125,124,-1.2
125,124,-1.1
125,123,-1.9
125,125,-0.5
125,125,0.2
125,125,-0.0
125,126,0.9
125,122,-3.1
125,124,-1.4
125,124,-1.1
125,123,-2.4
125,125,0.3
125,125,0.2
125,124,-1.0
125,125,-0.4
125,124,-1.1
125,118,-6.6
125,121,-4.2
125,118,-7.0
125,116,-9.2
125,117,-8.2
125,118,-7.5
125,114,-10.8
125,114,-10.7
125,113,-12.3
125,113,-12.1
125,119,-6.2
125,120,-5.0
125,117,-7.7
125,119,-5.8
125,118,-7.4
125,113,-12.4
125,113,-12.0
125,113,-11.7
125,118,-7.4
125,115,-10.0
125,117,-7.9
125,110,-14.8
125,118,-7.4
125,110,-14.5
125,119,-6.3
125,118,-6.8
125,110,-15.2
125,112,-12.5
125,112,-12.8
125,114,-10.6
125,113,-12.0
125,113,-11.9
125,110,-15.4
125,111,-14.2
125,103,-22.2
125,104,-21.0
125,109,-16.3
125,107,-17.6
125,107,-18.4
125,107,-18.3
125,109,-16.2
125,107,-18.0
125,107,-17.7
125,108,-17.4
125,112,-12.5
125,106,-18.9
125,104,-21.5
125,96,-28.6
125,98,-26.8
125,98,-27.1
125,97,-28.5
125,102,-22.8
125,99,-25.8
125,97,-28.0
125,98,-26.9
125,100,-24.7
125,100,-24.6
125,100,-24.6
125,100,-25.3
125,102,-22.8
125,94,-31.5
125,100,-24.9
125,96,-29.0
125,98,-26.7
125,98,-26.7
125,95,-30.1
125,98,-27.0
125,94,-30.9
125,97,-28.2
125,96,-28.9
125,95,-29.7
125,92,-32.8
125,95,-29.8
125,93,-31.8
125,87,-38.2
125,93,-32.2
125,91,-34.1
125,90,-34.7
125,90,-35.4
125,93,-32.3
125,95,-30.1
125,85,-39.9
125,83,-41.9
125,84,-41.5
125,83,-41.8
125,85,-40.1
125,75,-49.6
125,77,-48.3
125,89,-36.4
124,81,-42.6
123,82,-40.9
122,82,-40.5
121,77,-44.2
120,79,-40.9
119,83,-36.0
118,82,-36.4
117,80,-37.3
116,76,-39.8
115,78,-36.6
114,81,-32.6
113,85,-27.6
112,78,-34.0
111,81,-30.1
110,80,-30.2
109,81,-27.8
108,80,-28.3
107,77,-29.7
106,73,-32.9
105,77,-28.2
104,81,-22.6
103,80,-22.6
102,85,-17.2
101,78,-23.5
100,82,-17.9
99,79,-20.3
98,79,-19.0
97,75,-21.8
96,73,-23.4
95,73,-22.0
94,65,-29.5
93,68,-24.7
92,70,-21.6
91,68,-23.3
90,71,-19.3
89,66,-23.2
88,65,-23.3
87,64,-23.2
86,68,-17.8
85,63,-21.8
84,67,-17.2
83,62,-20.5
82,60,-22.1
81,57,-24.0
80,56,-23.6
79,53,-25.7
78,56,-21.7
77,54,-22.7
76,48,-28.2
75,50,-24.8
74,51,-23.4
73,55,-18.4
72,52,-20.4
71,50,-20.7
70,50,-20.4
69,50,-18.9
68,51,-17.1
67,49,-17.7
66,48,-17.8
65,49,-15.7
64,47,-17.5
63,43,-20.0
62,42,-19.9
61,43,-18.2
60,41,-19.4
59,39,-20.3
58,42,-15.9
57,40,-16.6
56,41,-15.2
55,42,-13.0
54,40,-13.5
53,42,-11.0
52,41,-11.1
51,40,-11.1
50,38,-12.4
49,39,-10.5
48,37,-10.6
47,36,-11.2
46,34,-11.5
45,33,-12.1
44,31,-12.6
43,28,-14.9
42,28,-13.6
41,27,-14.1
40,27,-12.8
39,27,-12.0
38,26,-11.6
37,24,-12.6
36,23,-12.8
35,22,-12.6
34,22,-11.7
33,22,-11.0
32,20,-12.1
31,20,-10.9
30,21,-9.5
29,20,-8.8
28,19,-8.8
27,19,-8.3
26,17,-8.7
25,16,-9.1
24,16,-7.8
23,14,-9.1
22,14,-7.7
21,14,-7.2
20,13,-7.1
19,12,-7.3
18,12,-6.2
17,11,-5.7
16,11,-4.7
15,10,-4.6
14,12,-2.4
13,11,-2.2
12,10,-2.2
11,9,-1.8
10,8,-1.7
9,8,-1.3
8,6,-1.5
7,6,-1.4
6,4,-2.2
5,4,-1.1
4,3,-0.5
3,3,-0.2
2,3,0.7
1,1,0.5
0,2,1.6
125,125,-0.1
125,125,0.5
125,125,0.4
125,126,0.7
125,125,0.2
125,125,0.1
125,121,-3.8
125,125,-0.1
125,125,-0.4
125,122,-2.6
125,124,-1.2
125,124,-0.8
125,125,0.4
125,124,-0.7
125,125,-0.2
125,125,0.0
125,125,0.3
125,125,0.4
125,124,-1.0
125,124,-0.6
125,122,-3.4
125,123,-1.5
125,121,-3.9
125,124,-0.7
125,123,-1.8
125,124,-1.3
125,124,-1.4
125,123,-1.6
125,122,-2.7
125,124,-0.9
125,125,-0.3
125,125,0.5
125,125,-0.1
125,125,-0.0
125,123,-1.5
125,126,1.0
125,125,-0.0
125,126,1.1
125,125,0.2
125,126,0.6
125,126,0.9
125,126,1.2
125,126,1.3
125,126,1.1
125,126,0.9
125,125,-0.5
125,126,0.7
125,125,-0.3
125,124,-1.2
125,124,-0.8
125,122,-3.3
125,122,-3.5
125,122,-3.3
125,124,-1.1
125,123,-2.2
125,124,-1.5
125,121,-4.2
125,121,-3.8
125,123,-2.3
125,123,-2.1
125,124,-1.5
125,123,-2.5
125,123,-2.4
125,123,-1.6
125,123,-1.7
125,125,-0.1
125,125,0.5
125,125,0.5
125,125,-0.3
125,123,-1.8
125,123,-1.9
125,123,-1.9
125,124,-0.8
125,124,-1.3
125,123,-1.9
125,124,-0.5
125,124,-1.5
124,120,-3.9
123,121,-1.9
122,121,-1.4
121,119,-1.6
120,123,2.7
119,121,1.8
118,120,1.5
117,118,1.3
116,116,-0.2
115,119,4.2
114,116,2.1
113,117,4.0
112,118,5.8
111,118,6.7
110,114,4.1
109,114,5.2
108,115,6.8
107,117,10.0
106,114,7.5
105,113,7.9
104,112,7.5
103,111,8.2
102,112,9.5
101,114,13.4
100,116,16.4
99,115,16.1
98,113,15.3
97,114,16.6
96,107,10.7
95,105,10.4
94,102,8.2
93,97,4.1
92,93,1.0
91,96,4.9
90,96,5.9
89,92,2.9
88,88,0.4
87,89,2.4
86,87,0.7
85,86,1.3
84,88,4.1
83,85,1.7
82,80,-1.9
81,86,5.2
80,86,5.8
79,85,5.8
78,81,3.1
77,85,7.7
76,85,8.7
75,83,7.8
74,88,13.9
73,85,11.6
72,81,9.2
71,82,11.2
70,83,12.5
69,78,9.0
68,77,9.3
67,74,7.0
66,75,9.1
65,77,12.5
64,69,5.3
63,69,5.6
62,69,7.3
61,66,4.5
60,65,4.8
59,65,6.4
58,63,4.6
57,63,6.3
56,64,8.1
55,66,10.8
54,65,11.4
53,65,12.0
52,64,11.8
51,59,8.2
50,59,9.3
49,52,3.0
48,55,7.0
47,51,3.6
46,48,1.6
45,47,2.2
44,48,4.1
43,48,4.7
42,46,3.7
41,47,6.4
40,49,9.1
39,43,4.2
38,41,3.1
37,39,2.4
36,41,4.9
35,38,2.7
34,40,6.3
33,35,2.4
32,36,3.9
31,35,3.8
30,34,3.9
29,31,1.7
28,28,0.1
27,30,2.5
26,27,1.1
25,26,1.2
24,25,0.6
23,25,2.1
22,23,1.0
21,22,1.2
20,21,0.9
19,19,0.1
18,20,1.9
17,19,1.5
16,18,2.2
15,18,3.3
14,18,3.9
13,16,2.7
12,14,1.6
11,13,2.4
10,11,1.4
9,10,0.9
8,9,0.8
7,8,1.1
6,7,1.1
5,6,0.8
4,5,0.8
3,4,1.1
2,3,0.8
1,1,0.2
0,1,1.3
125,126,1.3
125,124,-0.8
125,123,-2.1
125,122,-2.6
125,124,-1.4
125,124,-1.4
125,123,-2.1
125,123,-1.9
125,124,-0.8
125,124,-1.1
125,124,-1.1
125,122,-2.6
125,123,-1.9
125,124,-1.1
125,124,-1.0
125,124,-1.1
125,125,-0.1
125,124,-1.2
125,124,-1.0
125,126,0.5
125,125,0.4
125,125,0.1
125,125,-0.5
125,126,0.7
125,126,0.8
125,125,0.4
125,125,0.5
125,124,-1.0
125,125,0.3
125,124,-1.1
125,125,0.2
124,125,1.1
123,125,2.4
122,125,3.1
121,125,4.1
120,125,4.9
119,124,5.4
118,124,6.5
117,124,7.4
116,123,7.5
115,124,9.1
114,124,10.1
113,122,9.4
112,123,10.6
111,122,11.4
110,121,11.4
109,121,12.2
108,122,13.7
107,124,16.6
106,123,16.5
105,125,19.5
104,124,20.2
103,124,20.9
102,124,22.4
101,126,25.4
100,124,23.8
99,126,26.5
98,122,23.5
97,119,22.4
96,120,23.9
95,114,19.3
94,119,24.6
93,116,22.9
92,116,24.5
91,113,22.0
90,111,21.5
89,111,21.6
88,111,22.7
87,107,19.9
86,107,20.8
85,108,22.6
84,98,13.8
83,104,20.9
82,105,22.6
81,100,19.2
80,102,22.4
79,98,19.4
78,92,13.9
77,90,13.5
76,97,20.9
75,93,17.9
74,97,22.9
73,94,20.7
72,89,17.5
71,85,13.7
70,87,16.7
69,86,16.8
68,84,16.1
67,91,23.8
66,78,12.0
65,80,15.5
64,72,7.6
63,83,19.9
62,80,17.9
61,73,12.2
60,68,8.3
59,71,11.8
58,63,4.8
57,69,12.3
56,62,6.3
55,61,6.0
54,66,11.6
53,60,6.9
52,60,8.2
51,53,2.1
50,52,1.6
49,63,14.2
48,57,9.0
47,58,10.7
46,65,18.8
45,49,3.9
44,50,5.6
43,43,-0.1
42,47,4.9
41,45,4.4
40,49,9.3
39,42,2.7
38,40,1.5
37,35,-2.3
36,47,11.1
35,41,5.9
34,45,10.8
33,41,8.3
32,40,8.0
31,43,11.8
30,41,11.0
29,41,12.1
28,40,12.4
27,37,9.6
26,34,7.7
25,32,6.6
24,33,9.1
23,31,8.3
22,32,9.9
21,30,9.4
20,27,7.5
19,25,6.1
18,23,5.1
17,23,5.6
16,18,2.3
15,18,2.8
14,17,3.0
13,16,2.9
12,17,4.5
11,13,2.5
10,12,1.8
9,13,3.6
8,11,2.8
7,9,1.5
6,9,3.0
5,7,1.9
4,6,1.6
3,5,1.6
2,3,0.5
1,2,0.9
0,0,0.4
125,124,-0.8
125,125,-0.3
125,124,-0.8
125,126,0.8
125,124,-0.9
125,124,-0.6
125,126,0.7
125,126,0.7
125,127,2.1
125,126,0.9
125,126,0.9
125,126,1.4
125,127,1.7
125,126,1.1
125,126,0.8
125,125,0.3
125,126,0.7
125,124,-1.2
125,124,-1.0
125,125,0.4
125,126,0.8
125,125,0.4
125,125,0.0
125,125,0.1
125,124,-1.3
125,125,-0.3
125,125,-0.0
125,126,0.6
125,126,0.6
125,126,0.7
125,126,1.3
125,126,0.8
125,127,2.1
125,124,-0.5
125,125,-0.1
125,125,-0.0
125,126,0.7
125,124,-1.3
125,123,-1.7
125,126,1.0
125,123,-1.7
125,126,1.0
125,125,0.4
125,126,1.3
125,126,1.2
125,126,1.5
125,126,1.1
125,128,2.6
125,126,1.3
125,126,0.6
125,124,-0.8
125,124,-1.3
125,123,-1.7
125,125,-0.5
125,121,-3.5
125,123,-1.6
125,123,-2.5
125,122,-2.9
125,120,-5.1
125,123,-1.6
124,121,-3.4
123,124,1.4
122,123,0.9
121,121,-0.2
120,122,1.8
119,124,5.4
118,117,-0.9
117,120,3.5
116,119,2.6
115,118,3.5
114,120,5.6
113,118,4.7
112,117,5.0
111,118,6.6
110,115,4.6
109,119,9.6
108,117,8.6
107,120,13.1
106,121,14.7
105,120,15.1
104,119,14.6
103,118,15.2
102,118,15.6
101,117,16.0
100,114,14.0
99,112,13.4
98,114,16.4
97,110,13.0
96,117,21.2
95,112,16.8
94,113,19.1
93,110,17.2
92,109,16.9
91,109,17.6
90,110,20.1
89,115,25.6
88,113,24.6
87,111,24.2
86,103,17.4
85,103,18.5
84,102,18.1
83,101,18.1
82,100,17.6
81,99,17.9
80,97,16.6
79,100,21.5
78,96,18.4
77,93,16.2
76,98,21.7
75,95,20.5
74,96,22.4
73,94,20.6
72,85,13.5
71,88,16.9
70,89,19.1
69,84,15.2
68,90,21.5
67,82,14.6
66,77,11.3
65,79,14.1
64,84,19.8
63,81,17.6
62,83,21.1
61,79,18.0
60,69,9.3
59,71,11.8
58,71,13.1
57,70,12.9
56,73,17.1
55,72,16.6
54,67,13.0
53,71,17.8
52,68,15.9
51,71,19.7
50,69,19.5
49,68,18.6
48,67,18.5
47,60,13.4
46,62,16.1
45,57,11.9
44,57,13.0
43,60,16.6
42,61,18.7
41,54,13.4
40,53,12.9
39,55,15.6
38,51,13.0
37,53,15.6
36,48,12.5
35,48,12.9
34,50,16.0
33,49,16.3
32,40,8.0
31,39,8.0
30,41,11.0
29,37,8.5
28,41,12.8
27,37,10.2
26,38,11.7
25,36,11.2
24,29,4.8
23,28,4.5
22,27,5.0
21,27,5.5
20,24,3.6
19,22,2.8
18,22,3.7
17,20,3.4
16,21,4.9
15,20,5.3
14,18,4.1
13,17,3.9
12,14,2.4
11,13,2.0
10,13,2.6
9,11,1.6
8,10,2.3
7,9,2.3
6,8,1.8
5,8,2.6
4,6,1.6
3,4,1.1
2,4,2.3
1,1,0.2
0,2,2.0
125,124,-1.3
125,127,2.4
125,128,3.5
125,127,1.6
125,125,-0.0
125,125,-0.5
125,125,-0.3
125,126,0.6
125,125,-0.1
125,124,-0.7
125,124,-1.1
125,124,-1.2
125,123,-2.4
125,123,-1.7
125,124,-1.3
125,124,-1.4
125,123,-2.1
125,124,-1.3
125,122,-2.8
125,123,-2.1
125,124,-0.6
125,122,-2.7
125,124,-1.2
125,125,-0.1
125,124,-1.3
125,125,0.2
125,125,0.0
125,124,-0.5
125,125,-0.0
125,126,1.3
125,124,-0.7
125,126,0.8
125,125,0.4
125,125,-0.0
125,124,-0.7
125,122,-3.3
125,125,-0.4
125,125,-0.3
125,123,-1.6
125,123,-1.9
125,122,-3.2
125,124,-1.1
125,124,-1.3
125,124,-1.2
125,120,-5.3
125,121,-3.9
125,123,-2.2
125,121,-3.8
125,123,-1.9
125,124,-0.8
125,123,-2.1
125,123,-1.6
125,121,-3.8
125,122,-3.2
125,116,-8.6
125,122,-3.1
125,121,-4.0
125,119,-5.8
125,123,-2.2
125,121,-3.7
125,122,-3.2
125,122,-3.5
125,118,-6.9
125,118,-6.7
125,116,-8.8
125,117,-7.6
125,117,-7.9
125,120,-4.7
125,120,-4.9
125,117,-8.1
125,116,-9.2
125,115,-9.9
125,110,-14.5
125,113,-11.6
125,111,-14.0
124,112,-12.3
123,112,-11.0
122,111,-10.6
121,108,-13.3
120,108,-12.5
119,110,-8.6
118,106,-11.6
117,105,-12.2
116,106,-9.9
115,104,-11.2
114,110,-4.1
113,104,-9.3
112,103,-9.2
111,104,-7.1
110,103,-6.6
109,102,-7.2
108,99,-9.2
107,99,-7.7
106,94,-11.8
105,94,-11.2
104,101,-3.3
103,99,-3.9
102,100,-2.1
101,97,-4.2
100,91,-8.8
99,94,-5.0
98,92,-6.1
97,89,-8.4
96,96,0.4
95,89,-5.9
94,90,-3.6
93,87,-5.6
92,92,0.0
91,92,1.3
90,95,5.2
89,91,2.2
88,92,4.0
87,96,9.1
86,105,18.7
85,90,5.1
84,86,1.6
83,84,1.4
82,86,3.9
81,95,13.7
80,95,15.0
79,93,14.1
78,80,2.3
77,79,1.6
76,80,3.6
75,73,-1.6
74,81,7.4
73,92,19.5
72,84,11.7
71,75,4.4
70,75,5.4
69,74,5.4
68,71,3.1
67,69,1.9
66,74,7.9
65,72,6.9
64,68,3.5
63,61,-2.0
62,65,2.8
61,56,-4.9
60,58,-2.1
59,61,2.2
58,61,3.5
57,66,9.0
56,68,12.4
55,66,10.8
54,55,1.2
53,54,0.5
52,50,-2.3
51,53,1.9
50,52,2.1
49,50,0.9
48,53,5.2
47,51,4.2
46,53,7.1
45,49,3.9
44,41,-3.0
43,48,4.9
42,44,2.4
41,42,0.5
40,45,4.5
39,38,-1.3
38,39,1.2
37,36,-1.1
36,36,0.4
35,34,-0.7
34,37,2.6
33,33,-0.0
32,29,-2.6
31,31,0.3
30,29,-0.6
29,30,1.3
28,29,1.1
27,27,0.5
26,27,0.7
25,26,0.8
24,23,-0.7
23,21,-1.7
22,21,-0.8
21,20,-0.5
20,22,2.5
19,20,0.8
18,20,2.5
17,20,2.7
16,18,2.4
15,18,2.7
14,17,2.6
13,14,1.4
12,12,-0.4
11,10,-0.6
10,10,0.1
9,9,-0.2
8,8,-0.0
7,7,-0.2
6,7,0.9
5,3,-1.6
4,3,-1.0
3,2,-1.0
2,0,-1.8
1,0,-1.0
0,0,0.0
